reviewer_id,timestamp,review_content,company_name,company_type,company_size,company_address,is_review,review_masked,aspect_labels,aspect_sentiments,aspects_raw
369e5a,3 giờ trước,"Công ty có nhiều dự án và lương thưởng đủ sống, tình hình hay cắt hc, inhouse tăng target hoặc sop thay đổi liên tục, công việc ở mức chấp nhận nếu không xét về vật chất môi trường, còn nói về môi trường con người nhân cách thấp, toxic drama ngầm, tính chất bè hùa cao, rủ rê ăn uống ăn chơi hùa nhiều nhưng nếu đụng chạm ích lợi sẵn sàng cắn xé ngược như loài thú, rất giả tạo, leader trẻ gen z ấu trĩ, lậm quyền, ngáo quyền lực, thiên vị, lấp liếm, thiếu minh bạch, ưa nịnh, có lợi thì trọng không lợi thì khinh, nếu ở môi trường khác cạnh tranh tự nâng cao bằng năng lực, thì môi trường ở đây hạ bệ người khác để thỏa mãn cái tôi, nhưng mà được nhất thời thôi chứ không được cả đời, không có bông tuyết nào trong sạch, dĩ vãng dơ dáy dễ gì lấp liếm, rồi cũng tới thời gặp quả báo, ở đây chỉ phù hợp làm tạm để ghi cv, không thể làm lâu dài vì nguy cơ bị cắt hc, dễ trở thành con tốt thí mạng cho leader bẩn, thêm môi trường bầy đàn, nhiều cái miệng đủ vẽ câu chuyện hại người, bầy con cừu vì sinh tồn nghe theo con sói một cách mù quáng, không phân trắng đen, đến thời không còn lợi nó đá bay.",Việt Mỹ Ssu (15),,,"Việt Mỹ Ssu (15) outsource 151-500 198 A5 Hoàng Văn Thụ, Phường 9, Phú Nhuận, Thành phố Hồ Chí Minh",True,"Công ty có nhiều dự án và lương thưởng đủ sống, tình hình hay cắt hc, inhouse tăng target hoặc sop thay đổi liên tục, công việc ở mức chấp nhận nếu không xét về vật chất môi trường, còn nói về môi trường con người nhân cách thấp, toxic drama ngầm, tính chất bè hùa cao, rủ rê ăn uống ăn chơi hùa nhiều nhưng nếu đụng chạm ích lợi sẵn sàng cắn xé ngược như loài thú, rất giả tạo, leader trẻ gen z ấu trĩ, lậm quyền, ngáo quyền lực, thiên vị, lấp liếm, thiếu minh bạch, ưa nịnh, có lợi thì trọng không lợi thì khinh, nếu ở môi trường khác cạnh tranh tự nâng cao bằng năng lực, thì môi trường ở đây hạ bệ người khác để thỏa mãn cái tôi, nhưng mà được nhất thời thôi chứ không được cả đời, không có bông tuyết nào trong sạch, dĩ vãng dơ dáy dễ gì lấp liếm, rồi cũng tới thời gặp quả báo, ở đây chỉ phù hợp làm tạm để ghi cv, không thể làm lâu dài vì nguy cơ bị cắt hc, dễ trở thành con tốt thí mạng cho leader bẩn, thêm môi trường bầy đàn, nhiều cái miệng đủ vẽ câu chuyện hại người, bầy con cừu vì sinh tồn nghe theo con sói một cách mù quáng, không phân trắng đen, đến thời không còn lợi nó đá bay.","Salary & Benefits, Culture & Environment, Management & Leadership, Work Hours & Workload, Career Growth & Opportunities","negative, negative, negative, negative, negative","[{""aspect"": ""Salary & Benefits"", ""sentiment"": ""negative""}, {""aspect"": ""Culture & Environment"", ""sentiment"": ""negative""}, {""aspect"": ""Management & Leadership"", ""sentiment"": ""negative""}, {""aspect"": ""Work Hours & Workload"", ""sentiment"": ""negative""}, {""aspect"": ""Career Growth & Opportunities"", ""sentiment"": ""negative""}]"
f5083e,1 năm trước,"Công ty có nhiều dự án shopee rất đáng để quan tâm, nhân sự cũng nice nữa, tuy nhiên có điều đáng quan ngại là về cô lao công tại toà thăng long, lúc đầu cứ nghĩ cô này lớn tuổi nên khó chịu nhưng nhiều chuyện tiêu cực thường xuyên nên thấy rất bất ổn, mong công ty nếu thấy được thông tin này có thể xem lại về cô lao công, không biết cô có mối quen biết với ai của toà nhà hay công ty không nhưng thấy cô thường xuyên ăn to nói lớn kiếm chuyện này hết chuyện kia rất ảnh hưởng đến tinh thần agent, đến cả các lead quản lý ở đây đều nhẹ nhàng dịu dàng, mà cái kiểu của cô hơn quản lý nữa, ban đầu thấy cô hay lớn tiếng bắt bẻ về việc các bạn bỏ rác thức ăn, nilong ở thùng rác nhà vệ sinh thì có thể hiểu, rồi khi kệ dép hết chỗ để nên có bạn để dưới đất, nhưng mà đến cả việc đi vệ sinh đại tiện, tiểu tiện là vấn đề sinh lý cơ bản của con người không thể kiểm soát được chính xác thời gian như khi làm việc mà cô tỏ thái độ bực dọc, chửi bới và cố tình dập đùng đùng trong nhà vệ sinh như cánh cửa, vách phòng, hộp đựng giấy thì thể hiện xu hướng bạo lực và tâm lý bất ổn, dù là cô phải làm 3 lầu nhưng công việc là do cô chọn và các agent luôn thân thiện với cô, ngoài kia có rất nhiều văn phòng đi qua rồi thấy lao công rất đàng hoàng và không ai léo nhéo ngoài cửa khi người bên trong đang đi, và chắc bản thân cô cũng không bị ai cằn nhằn hối thúc khi đi vệ sinh, vậy tại sao cô lại hành xử vô duyên như vậy, trong khi mọi người ai cũng phải làm việc áp lực, tăng ca thêm giờ và chạy số mà chẳng ai phàn nàn cô lao công khi hết giấy nhà vệ sinh hoặc rác tràn ngập thùng. Khi vọng công ty V*** M* S** tương lai có thể tạo môi trường thật sự thoải mái để agent phát huy hết mình mà không bị gò bó bởi việc đái ỉa cơ bản như vậy, và quan trọng là được an toàn khỏi người có tâm lý bạo lực biến thái có thể thấy rõ qua việc làm đùng đùng của lao công trong nhà vệ sinh khi đang có người, tự hỏi nếu không có cánh cửa đó thì liệu bà ta sẽ đập ai.",Việt Mỹ Ssu (15),,,"Việt Mỹ Ssu (15) outsource 151-500 198 A5 Hoàng Văn Thụ, Phường 9, Phú Nhuận, Thành phố Hồ Chí Minh",True,"Công ty có nhiều dự án shopee rất đáng để quan tâm, nhân sự cũng nice nữa, tuy nhiên có điều đáng quan ngại là về cô lao công tại toà thăng long, lúc đầu cứ nghĩ cô này lớn tuổi nên khó chịu nhưng nhiều chuyện tiêu cực thường xuyên nên thấy rất bất ổn, mong công ty nếu thấy được thông tin này có thể xem lại về cô lao công, không biết cô có mối quen biết với ai của toà nhà hay công ty không nhưng thấy cô thường xuyên ăn to nói lớn kiếm chuyện này hết chuyện kia rất ảnh hưởng đến tinh thần agent, đến cả các lead quản lý ở đây đều nhẹ nhàng dịu dàng, mà cái kiểu của cô hơn quản lý nữa, ban đầu thấy cô hay lớn tiếng bắt bẻ về việc các bạn bỏ rác thức ăn, nilong ở thùng rác nhà vệ sinh thì có thể hiểu, rồi khi kệ dép hết chỗ để nên có bạn để dưới đất, nhưng mà đến cả việc đi vệ sinh đại tiện, tiểu tiện là vấn đề sinh lý cơ bản của con người không thể kiểm soát được chính xác thời gian như khi làm việc mà cô tỏ thái độ bực dọc, chửi bới và cố tình dập đùng đùng trong nhà vệ sinh như cánh cửa, vách phòng, hộp đựng giấy thì thể hiện xu hướng bạo lực và tâm lý bất ổn, dù là cô phải làm 3 lầu nhưng công việc là do cô chọn và các agent luôn thân thiện với cô, ngoài kia có rất nhiều văn phòng đi qua rồi thấy lao công rất đàng hoàng và không ai léo nhéo ngoài cửa khi người bên trong đang đi, và chắc bản thân cô cũng không bị ai cằn nhằn hối thúc khi đi vệ sinh, vậy tại sao cô lại hành xử vô duyên như vậy, trong khi mọi người ai cũng phải làm việc áp lực, tăng ca thêm giờ và chạy số mà chẳng ai phàn nàn cô lao công khi hết giấy nhà vệ sinh hoặc rác tràn ngập thùng. Khi vọng công ty [COMPANY] tương lai có thể tạo môi trường thật sự thoải mái để agent phát huy hết mình mà không bị gò bó bởi việc đái ỉa cơ bản như vậy, và quan trọng là được an toàn khỏi người có tâm lý bạo lực biến thái có thể thấy rõ qua việc làm đùng đùng của lao công trong nhà vệ sinh khi đang có người, tự hỏi nếu không có cánh cửa đó thì liệu bà ta sẽ đập ai.","Office & Workspace, Culture & Environment","negative, negative","[{""aspect"": ""Office & Workspace"", ""sentiment"": ""negative""}, {""aspect"": ""Culture & Environment"", ""sentiment"": ""negative""}]"
c87f2d,1 năm trước,Mình vừa bị công ty quỵt tiền càng ngày càng xàm làm chết lun mà ko có kpi làm 10-11 tiếng ngày lương chưa đc 9tr ngộ ko. Nói hỗ trợ tăng lương tiền up skill xong rồi lúc nghỉ việc nhận lương tháng 4 thì bảo tiền up skill sẽ được trả vào tháng 5. Đến lúc nhận lương tháng 5 thì teamlead và senior báo đã đc trả tháng 4 xong chụo chụp note là tiền phụ cấp là tiền up skill . Ủa nói v là nhânn được rồi á hã lật lọng ko muón trả tiền cho nhân viên :))))) xobg TL thì nch ngu hỏi đằng tl nẻo. B** em nhận lương ko đúng sao ko check với chị khi thông báo là sẽ đc chi trả tháng 5 thì bảng lươbg tháng 4 trừ tiền up skill đã đủ rồi check cài gì nũa TL ơi. Có ai ngu đến nức đọc thông báo rồi mà còn hỏi sao bảng lương t4 của em ko có tiền up skill ko ạ?! Mà chị đặt câu hỏi ngu quá dị . Nếu muốn ăn chặn thì nói ạ,Việt Mỹ Ssu (15),,,"Việt Mỹ Ssu (15) outsource 151-500 198 A5 Hoàng Văn Thụ, Phường 9, Phú Nhuận, Thành phố Hồ Chí Minh",True,Mình vừa bị công ty quỵt tiền càng ngày càng xàm làm chết lun mà ko có kpi làm 10-11 tiếng ngày lương chưa đc 9tr ngộ ko. Nói hỗ trợ tăng lương tiền up skill xong rồi lúc nghỉ việc nhận lương tháng 4 thì bảo tiền up skill sẽ được trả vào tháng 5. Đến lúc nhận lương tháng 5 thì teamlead và senior báo đã đc trả tháng 4 xong chụo chụp note là tiền phụ cấp là tiền up skill . Ủa nói v là nhânn được rồi á hã lật lọng ko muón trả tiền cho nhân viên :))))) xobg TL thì nch ngu hỏi đằng tl nẻo. B** em nhận lương ko đúng sao ko check với chị khi thông báo là sẽ đc chi trả tháng 5 thì bảng lươbg tháng 4 trừ tiền up skill đã đủ rồi check cài gì nũa TL ơi. Có ai ngu đến nức đọc thông báo rồi mà còn hỏi sao bảng lương t4 của em ko có tiền up skill ko ạ?! Mà chị đặt câu hỏi ngu quá dị . Nếu muốn ăn chặn thì nói ạ,"Salary & Benefits, Management & Leadership, Work Hours & Workload, Training & Learning","negative, negative, negative, negative","[{""aspect"": ""Salary & Benefits"", ""sentiment"": ""negative""}, {""aspect"": ""Management & Leadership"", ""sentiment"": ""negative""}, {""aspect"": ""Work Hours & Workload"", ""sentiment"": ""negative""}, {""aspect"": ""Training & Learning"", ""sentiment"": ""negative""}]"
6e7059,1 năm trước,Mình vừa bị công ty quỵt tiền càng ngày càng xàm làm chết lun mà ko có kpi làm 10-11 tiếng ngày lương chưa đc 9tr ngộ ko. Nói hỗ trợ tăng lương tiền up skill xong rồi lúc nghỉ việc nhận lương tháng 4 thì bảo tiền up skill sẽ được trả vào tháng 5. Đến lúc nhận lương tháng 5 thì teamlead và senior báo đã đc trả tháng 4 xong chụo chụp note là tiền phụ cấp là tiền up skill . Ủa nói v là nhânn được rồi á hã lật lọng ko muón trả tiền cho nhân viên :))))) xobg TL thì nch ngu hỏi đằng tl nẻo. B** em nhận lương ko đúng sao ko check với chị khi thông báo là sẽ đc chi trả tháng 5 thì bảng lươbg tháng 4 trừ tiền up skill đã đủ rồi check cài gì nũa TL ơi. Có ai ngu đến nức đọc thông báo rồi mà còn hỏi sao bảng lương t4 của em ko có tiền up skill ko ạ?! Mà chị đặt câu hỏi ngu quá dị . Nếu muốn ăn chặn thì nói ạ,Việt Mỹ Ssu (15),,,"Việt Mỹ Ssu (15) outsource 151-500 198 A5 Hoàng Văn Thụ, Phường 9, Phú Nhuận, Thành phố Hồ Chí Minh",True,Mình vừa bị công ty quỵt tiền càng ngày càng xàm làm chết lun mà ko có kpi làm 10-11 tiếng ngày lương chưa đc 9tr ngộ ko. Nói hỗ trợ tăng lương tiền up skill xong rồi lúc nghỉ việc nhận lương tháng 4 thì bảo tiền up skill sẽ được trả vào tháng 5. Đến lúc nhận lương tháng 5 thì teamlead và senior báo đã đc trả tháng 4 xong chụo chụp note là tiền phụ cấp là tiền up skill . Ủa nói v là nhânn được rồi á hã lật lọng ko muón trả tiền cho nhân viên :))))) xobg TL thì nch ngu hỏi đằng tl nẻo. B** em nhận lương ko đúng sao ko check với chị khi thông báo là sẽ đc chi trả tháng 5 thì bảng lươbg tháng 4 trừ tiền up skill đã đủ rồi check cài gì nũa TL ơi. Có ai ngu đến nức đọc thông báo rồi mà còn hỏi sao bảng lương t4 của em ko có tiền up skill ko ạ?! Mà chị đặt câu hỏi ngu quá dị . Nếu muốn ăn chặn thì nói ạ,"Salary & Benefits, Work Hours & Workload, Management & Leadership, Training & Learning","negative, negative, negative, negative","[{""aspect"": ""Salary & Benefits"", ""sentiment"": ""negative""}, {""aspect"": ""Work Hours & Workload"", ""sentiment"": ""negative""}, {""aspect"": ""Management & Leadership"", ""sentiment"": ""negative""}, {""aspect"": ""Training & Learning"", ""sentiment"": ""negative""}]"
d6bae5,1 năm trước,"Thử việc ko hợp đồng, nhà có việc gia đình chụp giấy chứng tử mới cho lấy lương. Tiền train thì pass ko là cũng chưa có đâu, tầm 3-4 tháng cơ, tăng ca sml xong trừ công ra. Làm 9 tiếng nhưng có khi tính 7 tiếng thôi",Việt Mỹ Ssu (15),,,"Việt Mỹ Ssu (15) outsource 151-500 198 A5 Hoàng Văn Thụ, Phường 9, Phú Nhuận, Thành phố Hồ Chí Minh",True,"Thử việc ko hợp đồng, nhà có việc gia đình chụp giấy chứng tử mới cho lấy lương. Tiền train thì pass ko là cũng chưa có đâu, tầm 3-4 tháng cơ, tăng ca sml xong trừ công ra. Làm 9 tiếng nhưng có khi tính 7 tiếng thôi","Salary & Benefits, Work Hours & Workload, Management & Leadership, Training & Learning","negative, negative, negative, negative","[{""aspect"": ""Salary & Benefits"", ""sentiment"": ""negative""}, {""aspect"": ""Work Hours & Workload"", ""sentiment"": ""negative""}, {""aspect"": ""Management & Leadership"", ""sentiment"": ""negative""}, {""aspect"": ""Training & Learning"", ""sentiment"": ""negative""}]"
3bb9c6,1 năm trước,"Môi trường vui vẻ nè, cô lao công cũng thân thiện, thường xuyên nói chuyện hỏi thăm mọi người. Cô lớn tuổi mà tòa nhà người đông việc nhiều, thông cảm cho cô, cô như người già lớn tuổi trong nhà thôi. Chúc cô lao công nhiều sức khỏe. Công ty dù chưa đạt được hài lòng với 1 số ít người, nhưng cũng là mái nhà thứ 2 cho nhiều bạn ở nhiều độ tuổi, có nhiều dự án để thử sức. Kính chúc điều tốt đẹp với công ty và tất cả.",Việt Mỹ Ssu (15),,,"Việt Mỹ Ssu (15) outsource 151-500 198 A5 Hoàng Văn Thụ, Phường 9, Phú Nhuận, Thành phố Hồ Chí Minh",True,"Môi trường vui vẻ nè, cô lao công cũng thân thiện, thường xuyên nói chuyện hỏi thăm mọi người. Cô lớn tuổi mà tòa nhà người đông việc nhiều, thông cảm cho cô, cô như người già lớn tuổi trong nhà thôi. Chúc cô lao công nhiều sức khỏe. [COMPANY] dù chưa đạt được hài lòng với 1 số ít người, nhưng cũng là mái nhà thứ 2 cho nhiều bạn ở nhiều độ tuổi, có nhiều dự án để thử sức. Kính chúc điều tốt đẹp với [COMPANY] và tất cả.","Culture & Environment, Career Growth & Opportunities","positive, positive","[{""aspect"": ""Culture & Environment"", ""sentiment"": ""positive""}, {""aspect"": ""Career Growth & Opportunities"", ""sentiment"": ""positive""}]"
388b3f,2 năm trước,"Rất tệ, train không lương nha. đừng nộp CV vào đây tốn công sức lắm. Học cả nửa tháng trời, mà cuối cùng không pass thì không lương. Quy trình vừa nhiều vừa khó không thể nào nhớ hết nổi trong vài ngày Nghiệp vụ rất nhiều mà lương thì đâu có cao",Việt Mỹ Ssu (15),,,"Việt Mỹ Ssu (15) outsource 151-500 198 A5 Hoàng Văn Thụ, Phường 9, Phú Nhuận, Thành phố Hồ Chí Minh",True,"Rất tệ, train không lương nha. đừng nộp CV vào đây tốn công sức lắm. Học cả nửa tháng trời, mà cuối cùng không pass thì không lương. Quy trình vừa nhiều vừa khó không thể nào nhớ hết nổi trong vài ngày Nghiệp vụ rất nhiều mà lương thì đâu có cao","Salary & Benefits, Training & Learning, Work Hours & Workload","negative, negative, negative","[{""aspect"": ""Salary & Benefits"", ""sentiment"": ""negative""}, {""aspect"": ""Training & Learning"", ""sentiment"": ""negative""}, {""aspect"": ""Work Hours & Workload"", ""sentiment"": ""negative""}]"
fe5494,2 năm trước,"T*** né cty này đi, nhất là cái dự án KOL, công việc ngày càng ép người bào đc nhiu bào, việc dc giao k có 1 chút logic nào cg p làm như mấy đứa đần dị đó, lương cũng k cao, cấp trên ba chấm, đi làm góp tiếng cười thì dc chứ phát triển thì k nổi.",Việt Mỹ Ssu (15),,,"Việt Mỹ Ssu (15) outsource 151-500 198 A5 Hoàng Văn Thụ, Phường 9, Phú Nhuận, Thành phố Hồ Chí Minh",True,"T*** né [COMPANY] này đi, nhất là cái dự án KOL, công việc ngày càng ép người bào đc nhiu bào, việc dc giao k có 1 chút logic nào cg p làm như mấy đứa đần dị đó, lương cũng k cao, cấp trên ba chấm, đi làm góp tiếng cười thì dc chứ phát triển thì k nổi.","Salary & Benefits, Management & Leadership, Work Hours & Workload, Culture & Environment, Career Growth & Opportunities","negative, negative, negative, negative, negative","[{""aspect"": ""Salary & Benefits"", ""sentiment"": ""negative""}, {""aspect"": ""Management & Leadership"", ""sentiment"": ""negative""}, {""aspect"": ""Work Hours & Workload"", ""sentiment"": ""negative""}, {""aspect"": ""Culture & Environment"", ""sentiment"": ""negative""}, {""aspect"": ""Career Growth & Opportunities"", ""sentiment"": ""negative""}]"
f5a7f3,2 năm trước,"Công ty lương thì thấp, mà leader hay đòi hỏi khắt khe từng cái, tính toán. Công ty thì keo kiệt, ko có chế độ gì cho nhân viên, tệ, né gấp",Việt Mỹ Ssu (15),,,"Việt Mỹ Ssu (15) outsource 151-500 198 A5 Hoàng Văn Thụ, Phường 9, Phú Nhuận, Thành phố Hồ Chí Minh",True,"Công ty lương thì thấp, mà leader hay đòi hỏi khắt khe từng cái, tính toán. Công ty thì keo kiệt, ko có chế độ gì cho nhân viên, tệ, né gấp","Salary & Benefits, Management & Leadership, Culture & Environment","negative, negative, negative","[{""aspect"": ""Salary & Benefits"", ""sentiment"": ""negative""}, {""aspect"": ""Management & Leadership"", ""sentiment"": ""negative""}, {""aspect"": ""Culture & Environment"", ""sentiment"": ""negative""}]"
2a4ad4,2 năm trước,Ứ** viên nộp CV vô thì tụi nó đăng CV của ứng viên lên gr zalo cho cã công ty biết để đùa giởn ai nộp CV vô cty này thì cẩn thận nha,Việt Mỹ Ssu (15),,,"Việt Mỹ Ssu (15) outsource 151-500 198 A5 Hoàng Văn Thụ, Phường 9, Phú Nhuận, Thành phố Hồ Chí Minh",True,Ứ** viên nộp CV vô thì tụi nó đăng CV của ứng viên lên gr zalo cho [COMPANY] biết để đùa giởn ai nộp CV vô [COMPANY] này thì cẩn thận nha,Management & Leadership,negative,"[{""aspect"": ""Management & Leadership"", ""sentiment"": ""negative""}]"
fcf6e7,2 năm trước,"Chưa bao giờ làm ở công ty kiểu gia đình như vầy. Đứa im lặng làm tốt thì càng bị đì, đứa bố láo mất dạy thì được ưu tiên. Nói chung tính kỷ luật ở đây đéo còn gì để nói. Không có 0 điểm nên chọn đỡ 1 điểm",Việt Mỹ Ssu (15),,,"Việt Mỹ Ssu (15) outsource 151-500 198 A5 Hoàng Văn Thụ, Phường 9, Phú Nhuận, Thành phố Hồ Chí Minh",True,"Chưa bao giờ làm ở công ty kiểu gia đình như vầy. Đứa im lặng làm tốt thì càng bị đì, đứa bố láo mất dạy thì được ưu tiên. Nói chung tính kỷ luật ở đây đéo còn gì để nói. Không có 0 điểm nên chọn đỡ 1 điểm","Culture & Environment, Management & Leadership","negative, negative","[{""aspect"": ""Culture & Environment"", ""sentiment"": ""negative""}, {""aspect"": ""Management & Leadership"", ""sentiment"": ""negative""}]"
c04886,2 năm trước,Công ty này vip trả lương đẳng cấp tháng tết thì trả qua tết rồi chơi tết cái đéo gì đẳng cấp thật sự,Việt Mỹ Ssu (15),,,"Việt Mỹ Ssu (15) outsource 151-500 198 A5 Hoàng Văn Thụ, Phường 9, Phú Nhuận, Thành phố Hồ Chí Minh",True,Công ty này vip trả lương đẳng cấp tháng tết thì trả qua tết rồi chơi tết cái đéo gì đẳng cấp thật sự,Salary & Benefits,negative,"[{""aspect"": ""Salary & Benefits"", ""sentiment"": ""negative""}]"
dee9c7,2 năm trước,"Càng ngày càng xàm, tào lao nhiều cái. Làm chết mẹ xong bị bắt bớ tùm lum rồi éo còn đồng KPI nào.",Việt Mỹ Ssu (15),,,"Việt Mỹ Ssu (15) outsource 151-500 198 A5 Hoàng Văn Thụ, Phường 9, Phú Nhuận, Thành phố Hồ Chí Minh",True,"Càng ngày càng xàm, tào lao nhiều cái. Làm chết mẹ xong bị bắt bớ tùm lum rồi éo còn đồng KPI nào.","Management & Leadership, Work Hours & Workload","negative, negative","[{""aspect"": ""Management & Leadership"", ""sentiment"": ""negative""}, {""aspect"": ""Work Hours & Workload"", ""sentiment"": ""negative""}]"
8495c1,2 năm trước,"Mình vừa out cty, team chat Shopee Food thì có vài dòng khách quan sau: Ưu điểm: - Job này có hỗ trợ WFH, lịch làm việc thì xoay ca từ 07h- 22h. Team xếp lịch xong thì có thể linh động tự đổi ca cho nhau. - WFH thì sẽ có slot 22h (làm tới 23h) còn làm văn phòng thì 22h là max. - 1 tháng có 4 ngày off hoặc nhiều hơn nếu bạn xin. Ngày off thì có thể xin trước với sen. (tuy nhiên, vào ngày campaint của Shopee thì sẽ hạn chế off). - Về trả lương thì từ lúc mình vô hơn 1 năm nay cty trả đều ngày 15, có thêm đợt ứng lương vào ngày 30 (chưa bị trễ). - BHXH có, về vấn đề chậm trễ, đóng thiếu thì có nghe nhưng mình chưa gặp. Nhược điểm/khó khăn: - Khối lượng công việc đến giai đoạn đầu năm 2023 vẫn ổn, nhưng từ tháng 03 thì đổi quy trình và tool xử lý thì bị khá ngộp. + Nói 1 tí cho dễ hiểu thì trước đây 1h làm bạn có thể xử lý 40 case chat khá thoải mái nhưng khi đổi tool thì bạn xử 25 case áp lực tương đương 40 case như tool cũ. - Về quy trình (SOP) là vấn đề nặng nhất: sẽ có team QA làm việc với bên trên và đưa ra SOP hoặc cập nhật SOP mới. Đ** đa số nhân viên bị ngộp vì vấn đề này vì mỗi tháng có thể đổi SOP vài lần. - Về mức lương thì bạn cần đạt KPI 1-2 thì mới gọi là ổn (8tr-9tr5) - Tuy nhiên chỉ có người thật sự kỹ và cứng SOP thì mới có thể lấy được loại 1 (tầm 1/4 nhân sự hiện tại). Kể cả những nhân viên làm lâu năm nếu không kịp cập nhật hoặc sai 1 vài lỗi nhỏ thì cũng dẫn đến mất điểm và hạ KPI. - Về các bạn newbie từ sau khi đổi cách xử lý đơn thì đại đa số đạt loại 3-4 là chủ yêu, loại 2 thì rất ít - vì vấn đề này nên team tuyển NB rất nhiều nhưng trụ lại thì ít. - Vấn đề đi trễ, phát sinh: Bạn nào có thói quen xấu này thì ko nên vào cty, vì chỉ cần 1 lần phát sinh bạn có 50% nguy cơ mất KPI tháng đó (vì bạn cần phải OT lại ít nhất 5 slot khi có người khác phát sinh hoặc khi sen cần). - Sẽ có đền đơn nếu bạn ko cẩn thận khi xử lý, cả NB và Oldbie đều dính nếu sơ sót. -------------------------- Chốt: - So với công việc và mức lương thì ổn nếu bạn tập trung và chịu học hỏi. Tuy nhiên, SOP sẽ ngày càng gắt hơn chứ không dễ đi. - Nếu bạn là NB vô cty, mục tiêu thành thạo công việc và kiếm mức lương KPI loại 2 từ 8tr trở lên trong sau 2 tháng thử việc thì mình nghĩ khá là khó vì vấn đề SOP. - Thời điểm còn làm mình thấy môi trường làm việc cũng ko quá phức tạp như nhiều review khác, có thể do mình ít giao tiếp. Cứ vào giờ check in, hết giờ check out - có vấn đề trong công việc thì nhắn sen sẽ hỗ trợ.",Việt Mỹ Ssu (15),,,"Việt Mỹ Ssu (15) outsource 151-500 198 A5 Hoàng Văn Thụ, Phường 9, Phú Nhuận, Thành phố Hồ Chí Minh",True,"Mình vừa out [COMPANY], team chat Shopee Food thì có vài dòng khách quan sau: Ưu điểm: - Job này có hỗ trợ WFH, lịch làm việc thì xoay ca từ 07h- 22h. Team xếp lịch xong thì có thể linh động tự đổi ca cho nhau. - WFH thì sẽ có slot 22h (làm tới 23h) còn làm văn phòng thì 22h là max. - 1 tháng có 4 ngày off hoặc nhiều hơn nếu bạn xin. Ngày off thì có thể xin trước với sen. (tuy nhiên, vào ngày campaint của Shopee thì sẽ hạn chế off). - Về trả lương thì từ lúc mình vô hơn 1 năm nay [COMPANY] trả đều ngày 15, có thêm đợt ứng lương vào ngày 30 (chưa bị trễ). - BHXH có, về vấn đề chậm trễ, đóng thiếu thì có nghe nhưng mình chưa gặp. Nhược điểm/khó khăn: - Khối lượng công việc đến giai đoạn đầu năm 2023 vẫn ổn, nhưng từ tháng 03 thì đổi quy trình và tool xử lý thì bị khá ngộp. + Nói 1 tí cho dễ hiểu thì trước đây 1h làm bạn có thể xử lý 40 case chat khá thoải mái nhưng khi đổi tool thì bạn xử 25 case áp lực tương đương 40 case như tool cũ. - Về quy trình (SOP) là vấn đề nặng nhất: sẽ có team QA làm việc với bên trên và đưa ra SOP hoặc cập nhật SOP mới. Đ** đa số nhân viên bị ngộp vì vấn đề này vì mỗi tháng có thể đổi SOP vài lần. - Về mức lương thì bạn cần đạt KPI 1-2 thì mới gọi là ổn (8tr-9tr5) - Tuy nhiên chỉ có người thật sự kỹ và cứng SOP thì mới có thể lấy được loại 1 (tầm 1/4 nhân sự hiện tại). Kể cả những nhân viên làm lâu năm nếu không kịp cập nhật hoặc sai 1 vài lỗi nhỏ thì cũng dẫn đến mất điểm và hạ KPI. - Về các bạn newbie từ sau khi đổi cách xử lý đơn thì đại đa số đạt loại 3-4 là chủ yêu, loại 2 thì rất ít - vì vấn đề này nên team tuyển NB rất nhiều nhưng trụ lại thì ít. - Vấn đề đi trễ, phát sinh: Bạn nào có thói quen xấu này thì ko nên vào [COMPANY], vì chỉ cần 1 lần phát sinh bạn có 50% nguy cơ mất KPI tháng đó (vì bạn cần phải OT lại ít nhất 5 slot khi có người khác phát sinh hoặc khi sen cần). - Sẽ có đền đơn nếu bạn ko cẩn thận khi xử lý, cả NB và Oldbie đều dính nếu sơ sót. -------------------------- Chốt: - So với công việc và mức lương thì ổn nếu bạn tập trung và chịu học hỏi. Tuy nhiên, SOP sẽ ngày càng gắt hơn chứ không dễ đi. - Nếu bạn là NB vô cty, mục tiêu thành thạo công việc và kiếm mức lương KPI loại 2 từ 8tr trở lên trong sau 2 tháng thử việc thì mình nghĩ khá là khó vì vấn đề SOP. - Thời điểm còn làm mình thấy môi trường làm việc cũng ko quá phức tạp như nhiều review khác, có thể do mình ít giao tiếp. Cứ vào giờ check in, hết giờ check out - có vấn đề trong công việc thì nhắn sen sẽ hỗ trợ.","Salary & Benefits, Management & Leadership, Office & Workspace, Work Hours & Workload, Culture & Environment, Career Growth & Opportunities","positive, negative, positive, negative, neutral, negative","[{""aspect"": ""Salary & Benefits"", ""sentiment"": ""positive""}, {""aspect"": ""Management & Leadership"", ""sentiment"": ""negative""}, {""aspect"": ""Office & Workspace"", ""sentiment"": ""positive""}, {""aspect"": ""Work Hours & Workload"", ""sentiment"": ""negative""}, {""aspect"": ""Culture & Environment"", ""sentiment"": ""neutral""}, {""aspect"": ""Career Growth & Opportunities"", ""sentiment"": ""negative""}]"
aaa9aa,3 năm trước,"Có ai từng làm ở đây chưa cho mình xin ít review về cty với, hiện tại thấy đang có tuyển nv hỗ trợ cho Shopee nhưng không biết ra sao.",Việt Mỹ Ssu (15),,,"Việt Mỹ Ssu (15) outsource 151-500 198 A5 Hoàng Văn Thụ, Phường 9, Phú Nhuận, Thành phố Hồ Chí Minh",False,"Có ai từng làm ở đây chưa cho mình xin ít review về [COMPANY] với, hiện tại thấy đang có tuyển nv hỗ trợ cho Shopee nhưng không biết ra sao.",,,[]
69f106,15 giờ trước,"Công ty xạo CV, gửi linh tinh, nếu khách hàng nào bị lừa nhận thì công ty mới ký hợp đồng, còn không thì không nhận. Đừng mất thời gian với tiền xe cộ đến đây làm gì.",VMO Holdings (9),,,,True,"Công ty xạo CV, gửi linh tinh, nếu khách hàng nào bị lừa nhận thì công ty mới ký hợp đồng, còn không thì không nhận. Đừng mất thời gian với tiền xe cộ đến đây làm gì.",Management & Leadership,negative,"[{""aspect"": ""Management & Leadership"", ""sentiment"": ""negative""}]"
4aa62c,2 năm trước,ae đã từng làm công ty vào review đi ạ,VMO Holdings (9),,,,False,ae đã từng làm công ty vào review đi ạ,,,[]
fc2809,2 năm trước,Cty nhìn như đa cấp -)),VMO Holdings (9),,,,True,Cty nhìn như đa cấp -)),Culture & Environment,negative,"[{""aspect"": ""Culture & Environment"", ""sentiment"": ""negative""}]"
6eaa13,2 năm trước,"Công ty VMO có thằng N***** M*** C**** làm 2 công ty outsourcing, chơi 2 mang , hiện tại đang làm cho cả Evizi lẫn VMO và sắp bị Evizi đuổi vì chơi 2 mang .",VMO Holdings (9),,,,True,"Công ty [COMPANY] có thằng N***** M*** C**** làm 2 công ty outsourcing, chơi 2 mang , hiện tại đang làm cho cả Evizi lẫn [COMPANY] và sắp bị Evizi đuổi vì chơi 2 mang .",Management & Leadership,negative,"[{""aspect"": ""Management & Leadership"", ""sentiment"": ""negative""}]"
6bccdd,2 năm trước,"Môi trường công ty ổn, văn hoá oke, dự án tuy nhiều nhưng không được ngon, đội ngũ quản lý tốtTuy nhiên thị trường Japan có mấy em HRs hành xử hơi non nhất là bà cô T*** T** A*, HR gì như mẹ thiên hạ, ăn nói thiếu suy nghĩ còn sân si",VMO Holdings (9),,,,True,"Môi trường công ty ổn, văn hoá oke, dự án tuy nhiều nhưng không được ngon, đội ngũ quản lý tốtTuy nhiên thị trường Japan có mấy em HRs hành xử hơi non nhất là bà cô T*** T** A*, HR gì như mẹ thiên hạ, ăn nói thiếu suy nghĩ còn sân si","Culture & Environment, Management & Leadership, Work Hours & Workload","positive, neutral, negative","[{""aspect"": ""Culture & Environment"", ""sentiment"": ""positive""}, {""aspect"": ""Management & Leadership"", ""sentiment"": ""neutral""}, {""aspect"": ""Work Hours & Workload"", ""sentiment"": ""negative""}]"
b36412,3 năm trước,Em xin review unit c5 a.,VMO Holdings (9),,,,False,Em xin review unit c5 a.,,,[]
a08348,3 năm trước,Công ty outsource rác rưởi.,VMO Holdings (9),,,,True,Công ty outsource rác rưởi.,Culture & Environment,negative,"[{""aspect"": ""Culture & Environment"", ""sentiment"": ""negative""}]"
b6dcbd,3 năm trước,Màu mè làm màu thôi ! Tech ko có gì đặc sắc chỉ thuê freelancer về làm outsource. Né !,VMO Holdings (9),,,,True,Màu mè làm màu thôi ! Tech ko có gì đặc sắc chỉ thuê freelancer về làm outsource. Né !,"Management & Leadership, Culture & Environment","negative, negative","[{""aspect"": ""Management & Leadership"", ""sentiment"": ""negative""}, {""aspect"": ""Culture & Environment"", ""sentiment"": ""negative""}]"
c01e94,4 năm trước,"Công ty chán, không nên vào thì hơn",VMO Holdings (9),,,,True,"Công ty chán, không nên vào thì hơn",Culture & Environment,negative,"[{""aspect"": ""Culture & Environment"", ""sentiment"": ""negative""}]"
288369,16 giờ trước,"Kế toán trưởng lại ngọc tuyển ng u, như bò, đ éo biết việc, vậy mà cty vẫn cho vô làm",TONY FRUIT (6),,,"TONY FRUIT (6) Kinh doanh 201-500 212 Đường 48, Phường Vĩnh Hội, TP HCM",True,"Kế toán trưởng lại ngọc tuyển ng u, như bò, đ éo biết việc, vậy mà [COMPANY] vẫn cho vô làm",Management & Leadership,negative,"[{""aspect"": ""Management & Leadership"", ""sentiment"": ""negative""}]"
288369,16 giờ trước,"Kế toán trưởng lại ngọc tuyển ng u, như bò, đ éo biết việc, vậy mà cty vẫn cho vô làm",TONY FRUIT (6),,,"TONY FRUIT (6) Kinh doanh 201-500 212 Đường 48, Phường Vĩnh Hội, TP HCM",True,"Kế toán trưởng lại ngọc tuyển ng u, như bò, đ éo biết việc, vậy mà [COMPANY] vẫn cho vô làm",Management & Leadership,negative,"[{""aspect"": ""Management & Leadership"", ""sentiment"": ""negative""}]"
ce9dd7,16 giờ trước,"Công ty dc cái 1 kèm 1 phòng ban đầy đủ cứ 1 trưởng phòng thì 1 nhân viên, cty này dc cái nhiều trưởng phòng ng u dốt mà vẫn dc mrs phượng nuôi trọng dụng Bởi cty nuôi dàng trưởng phòng ng u lâu dốt bền vững, nên cty cũng ngu lâu dốt bền ko ngốc đầu lên nổi.",TONY FRUIT (6),,,"TONY FRUIT (6) Kinh doanh 201-500 212 Đường 48, Phường Vĩnh Hội, TP HCM",True,"[COMPANY] dc cái 1 kèm 1 phòng ban đầy đủ cứ 1 trưởng phòng thì 1 nhân viên, [COMPANY] này dc cái nhiều trưởng phòng ng u dốt mà vẫn dc mrs phượng nuôi trọng dụng Bởi [COMPANY] nuôi dàng trưởng phòng ng u lâu dốt bền vững, nên [COMPANY] cũng ngu lâu dốt bền ko ngốc đầu lên nổi.",Management & Leadership,negative,"[{""aspect"": ""Management & Leadership"", ""sentiment"": ""negative""}]"
ce9dd7,16 giờ trước,"Công ty dc cái 1 kèm 1 phòng ban đầy đủ cứ 1 trưởng phòng thì 1 nhân viên, cty này dc cái nhiều trưởng phòng ng u dốt mà vẫn dc mrs phượng nuôi trọng dụng Bởi cty nuôi dàng trưởng phòng ng u lâu dốt bền vững, nên cty cũng ngu lâu dốt bền ko ngốc đầu lên nổi.",TONY FRUIT (6),,,"TONY FRUIT (6) Kinh doanh 201-500 212 Đường 48, Phường Vĩnh Hội, TP HCM",True,"Công ty dc cái 1 kèm 1 phòng ban đầy đủ cứ 1 trưởng phòng thì 1 nhân viên, cty này dc cái nhiều trưởng phòng ng u dốt mà vẫn dc mrs phượng nuôi trọng dụng Bởi cty nuôi dàng trưởng phòng ng u lâu dốt bền vững, nên cty cũng ngu lâu dốt bền ko ngốc đầu lên nổi.",Management & Leadership,negative,"[{""aspect"": ""Management & Leadership"", ""sentiment"": ""negative""}]"
288369,16 giờ trước,"Kế toán trưởng lại ngọc tuyển ng u, như bò, đ éo biết việc, vậy mà cty vẫn cho vô làm",TONY FRUIT (6),,,"TONY FRUIT (6) Kinh doanh 201-500 212 Đường 48, Phường Vĩnh Hội, TP HCM",True,"Kế toán trưởng lại ngọc tuyển ng u, như bò, đ éo biết việc, vậy mà [COMPANY] vẫn cho vô làm",Management & Leadership,negative,"[{""aspect"": ""Management & Leadership"", ""sentiment"": ""negative""}]"
ce9dd7,16 giờ trước,"Công ty dc cái 1 kèm 1 phòng ban đầy đủ cứ 1 trưởng phòng thì 1 nhân viên, cty này dc cái nhiều trưởng phòng ng u dốt mà vẫn dc mrs phượng nuôi trọng dụng Bởi cty nuôi dàng trưởng phòng ng u lâu dốt bền vững, nên cty cũng ngu lâu dốt bền ko ngốc đầu lên nổi.",TONY FRUIT (6),,,"TONY FRUIT (6) Kinh doanh 201-500 212 Đường 48, Phường Vĩnh Hội, TP HCM",True,"[COMPANY] dc cái 1 kèm 1 phòng ban đầy đủ cứ 1 trưởng phòng thì 1 nhân viên, [COMPANY] này dc cái nhiều trưởng phòng ng u dốt mà vẫn dc mrs phượng nuôi trọng dụng Bởi [COMPANY] nuôi dàng trưởng phòng ng u lâu dốt bền vững, nên [COMPANY] cũng ngu lâu dốt bền ko ngốc đầu lên nổi.",Management & Leadership,negative,"[{""aspect"": ""Management & Leadership"", ""sentiment"": ""negative""}]"
ce9dd7,16 giờ trước,"Công ty dc cái 1 kèm 1 phòng ban đầy đủ cứ 1 trưởng phòng thì 1 nhân viên, cty này dc cái nhiều trưởng phòng ng u dốt mà vẫn dc mrs phượng nuôi trọng dụng Bởi cty nuôi dàng trưởng phòng ng u lâu dốt bền vững, nên cty cũng ngu lâu dốt bền ko ngốc đầu lên nổi.",TONY FRUIT (6),,,"TONY FRUIT (6) Kinh doanh 201-500 212 Đường 48, Phường Vĩnh Hội, TP HCM",True,"Công ty dc cái 1 kèm 1 phòng ban đầy đủ cứ 1 trưởng phòng thì 1 nhân viên, cty này dc cái nhiều trưởng phòng ng u dốt mà vẫn dc mrs phượng nuôi trọng dụng Bởi cty nuôi dàng trưởng phòng ng u lâu dốt bền vững, nên cty cũng ngu lâu dốt bền ko ngốc đầu lên nổi.",Management & Leadership,negative,"[{""aspect"": ""Management & Leadership"", ""sentiment"": ""negative""}]"
288369,16 giờ trước,"Kế toán trưởng lại ngọc tuyển ng u, như bò, đ éo biết việc, vậy mà cty vẫn cho vô làm",TONY FRUIT (6),,,"TONY FRUIT (6) Kinh doanh 201-500 212 Đường 48, Phường Vĩnh Hội, TP HCM",True,"Kế toán trưởng lại ngọc tuyển ng u, như bò, đ éo biết việc, vậy mà [COMPANY] vẫn cho vô làm",Management & Leadership,negative,"[{""aspect"": ""Management & Leadership"", ""sentiment"": ""negative""}]"
288369,16 giờ trước,"Kế toán trưởng lại ngọc tuyển ng u, như bò, đ éo biết việc, vậy mà cty vẫn cho vô làm",TONY FRUIT (6),,,"TONY FRUIT (6) Kinh doanh 201-500 212 Đường 48, Phường Vĩnh Hội, TP HCM",True,"Kế toán trưởng lại ngọc tuyển ng u, như bò, đ éo biết việc, vậy mà [COMPANY] vẫn cho vô làm",Management & Leadership,negative,"[{""aspect"": ""Management & Leadership"", ""sentiment"": ""negative""}]"
64abd5,23 giờ trước,"C** T* A** kế toán làm việc ngu, thái độ láo nhé",Viet Nam Ureka Media (5),,,Viet Nam Ureka Media (5) outsource 1-50 02 Đường số 44 District 2 Ho Chi Minh,False,"C** T* A** kế toán làm việc ngu, thái độ láo nhé",,,[]
22795f,2 năm trước,- Cty 6 tháng review lương 1 lần nhưng 2 năm mới lên lương lên được 1tr5- Tiền OT ko có cty bảo trả commission bù cho OT- Commission nhân viên từ quý 1 mà đến quý 4 mới được chi trả. nhân viên nghỉ việc thì không được trả commission đòi thì chuyển khoản cho 1tr rồi thôi.- N*** viên trước khi nghỉ việc bị cty không đóng BHXH phải đòi thì cty mới chịu đóng lại còn ko chắc bị mất 1-2 tháng cuối ở cty.- Cty làm việc ko có ngày đêm giờ giấc cá nhân. về tới nhà mà vẫn bị gọi điện réo tên. bạn nào muốn thanh thản sau giờ làm thì né gấp.,Viet Nam Ureka Media (5),,,Viet Nam Ureka Media (5) outsource 1-50 02 Đường số 44 District 2 Ho Chi Minh,True,[COMPANY] 6 tháng review lương 1 lần nhưng 2 năm mới lên lương lên được 1tr5- Tiền OT ko có [COMPANY] bảo trả commission bù cho OT- Commission nhân viên từ quý 1 mà đến quý 4 mới được chi trả. nhân viên nghỉ việc thì không được trả commission đòi thì chuyển khoản cho 1tr rồi thôi.- N*** viên trước khi nghỉ việc bị [COMPANY] không đóng BHXH phải đòi thì [COMPANY] mới chịu đóng lại còn ko chắc bị mất 1-2 tháng cuối ở [COMPANY].- [COMPANY] làm việc ko có ngày đêm giờ giấc cá nhân. về tới nhà mà vẫn bị gọi điện réo tên. bạn nào muốn thanh thản sau giờ làm thì né gấp.,"Salary & Benefits, Culture & Environment, Work Hours & Workload","negative, negative, negative","[{""aspect"": ""Salary & Benefits"", ""sentiment"": ""negative""}, {""aspect"": ""Culture & Environment"", ""sentiment"": ""negative""}, {""aspect"": ""Work Hours & Workload"", ""sentiment"": ""negative""}]"
8b3952,2 năm trước,"Mình mới chỉ đi phỏng vấn bộ phận ở HN thôi. Mình thấy hỏi ko có nhiều nhưng mà bắt làm bài tets trên giấy (vị trí content). Tệ hết chỗ nói, thứ nhất ứng viên còn chưa hiểu sản phẩm là ntn bắt ngta test. thứ 2 thời đại công nghệ 4.0 rồi còn bắt test viết tay. thôi mn đừng đến pv làm gì cho mất thời gian",Viet Nam Ureka Media (5),,,Viet Nam Ureka Media (5) outsource 1-50 02 Đường số 44 District 2 Ho Chi Minh,True,"Mình mới chỉ đi phỏng vấn bộ phận ở HN thôi. Mình thấy hỏi ko có nhiều nhưng mà bắt làm bài tets trên giấy (vị trí content). Tệ hết chỗ nói, thứ nhất ứng viên còn chưa hiểu sản phẩm là ntn bắt ngta test. thứ 2 thời đại công nghệ 4.0 rồi còn bắt test viết tay. thôi mn đừng đến pv làm gì cho mất thời gian",Management & Leadership,negative,"[{""aspect"": ""Management & Leadership"", ""sentiment"": ""negative""}]"
84319a,5 năm trước,"Nói chung công ty có sự phân hoá giữa các team, môi trường để ai thích học hỏi digital thì học thôi chứ lương thưởng benefit kém, bộ phận backoffice như finance, kế toán rất không support và chảnh. Công việc áp lực cạnh tranh.",Viet Nam Ureka Media (5),,,Viet Nam Ureka Media (5) outsource 1-50 02 Đường số 44 District 2 Ho Chi Minh,True,"Nói chung công ty có sự phân hoá giữa các team, môi trường để ai thích học hỏi digital thì học thôi chứ lương thưởng benefit kém, bộ phận backoffice như finance, kế toán rất không support và chảnh. Công việc áp lực cạnh tranh.","Salary & Benefits, Training & Learning, Management & Leadership, Work Hours & Workload","negative, positive, negative, negative","[{""aspect"": ""Salary & Benefits"", ""sentiment"": ""negative""}, {""aspect"": ""Training & Learning"", ""sentiment"": ""positive""}, {""aspect"": ""Management & Leadership"", ""sentiment"": ""negative""}, {""aspect"": ""Work Hours & Workload"", ""sentiment"": ""negative""}]"
861b95,5 năm trước,thời gian làm việc : 9h sáng - 17h30 chiềulương thưởng ổncông việc khá nhiều áp lực và cạnh tranh giữa các team,Viet Nam Ureka Media (5),,,Viet Nam Ureka Media (5) outsource 1-50 02 Đường số 44 District 2 Ho Chi Minh,True,thời gian làm việc : 9h sáng - 17h30 chiềulương thưởng ổncông việc khá nhiều áp lực và cạnh tranh giữa các team,"Salary & Benefits, Work Hours & Workload, Culture & Environment","positive, negative, negative","[{""aspect"": ""Salary & Benefits"", ""sentiment"": ""positive""}, {""aspect"": ""Work Hours & Workload"", ""sentiment"": ""negative""}, {""aspect"": ""Culture & Environment"", ""sentiment"": ""negative""}]"
7858e1,23 giờ trước,"Công ty ít thăng tiến, lên chức vì mối quan hệ nhưng năng lực không xứng đáng. Việc tăng nhưng cắt chi phí lương và giảm nhân sự. Riêng bộ phận tuyển dụng nói chuyện đạo lý, rất láo nhé. Đẩy trách nhiệm nhanh. T*** độ lòi lỗi nhất là con mặt quạo quạo tên H***g",Phong Vũ (24),,,Phong Vũ (24) product 51-150 198 Nguyen Thi Minh Khai District 3 Ho Chi Minh,True,"Công ty ít thăng tiến, lên chức vì mối quan hệ nhưng năng lực không xứng đáng. Việc tăng nhưng cắt chi phí lương và giảm nhân sự. Riêng bộ phận tuyển dụng nói chuyện đạo lý, rất láo nhé. Đẩy trách nhiệm nhanh. T*** độ lòi lỗi nhất là con mặt quạo quạo tên H***g","Career Growth & Opportunities, Salary & Benefits, Management & Leadership","negative, negative, negative","[{""aspect"": ""Career Growth & Opportunities"", ""sentiment"": ""negative""}, {""aspect"": ""Salary & Benefits"", ""sentiment"": ""negative""}, {""aspect"": ""Management & Leadership"", ""sentiment"": ""negative""}]"
a14b93,2 năm trước,"HR dễ thương, nói đầy đủ phúc lợi cũng như lịch sự.Nhưng không phù hợp với công việc vì lý do cá nhân nên k làm được, quản lý và nhân sự hỏi han quan tâm nhiều cũng như có giới thiệu công việc khác. Nói chung trộm vía công ty ổn hơn mấy chỗ khác. Tiếc là không làm được ở đây lâu.",Phong Vũ (24),,,Phong Vũ (24) product 51-150 198 Nguyen Thi Minh Khai District 3 Ho Chi Minh,True,"HR dễ thương, nói đầy đủ phúc lợi cũng như lịch sự.Nhưng không phù hợp với công việc vì lý do cá nhân nên k làm được, quản lý và nhân sự hỏi han quan tâm nhiều cũng như có giới thiệu công việc khác. Nói chung trộm vía công ty ổn hơn mấy chỗ khác. Tiếc là không làm được ở đây lâu.","Salary & Benefits, Management & Leadership, Career Growth & Opportunities","positive, positive, positive","[{""aspect"": ""Salary & Benefits"", ""sentiment"": ""positive""}, {""aspect"": ""Management & Leadership"", ""sentiment"": ""positive""}, {""aspect"": ""Career Growth & Opportunities"", ""sentiment"": ""positive""}]"
010552,2 năm trước,"Mình mua hàng ở P**** V* cũng lâu năm rồi mà thái độ các bạn nhân viên 3 4 năm trở lại đây quá kém, thật sự bức xúc với thái độ nhân viên ở chi nhánh P**** V* Q9, khách hàng vào mua hàng thì tỏ ra không quan tâm và có xu hướng tách bản thân khỏi công việc mặc kệ khách hàng muốn gì thì làm, thái độ hỗ trợ tư vấn khách hàng kém nhân viên tư vấn thì đứng chơi game, tụ tập thành nhóm nói chuyện riêng, phải để nhân viên kho ra tiếp khách hàng rồi lên đơn hàng, thật sự mình không biết các bạn đi làm c",Phong Vũ (24),,,Phong Vũ (24) product 51-150 198 Nguyen Thi Minh Khai District 3 Ho Chi Minh,True,"Mình mua hàng ở [COMPANY] cũng lâu năm rồi mà thái độ các bạn nhân viên 3 4 năm trở lại đây quá kém, thật sự bức xúc với thái độ nhân viên ở chi nhánh [COMPANY] Q9, khách hàng vào mua hàng thì tỏ ra không quan tâm và có xu hướng tách bản thân khỏi công việc mặc kệ khách hàng muốn gì thì làm, thái độ hỗ trợ tư vấn khách hàng kém nhân viên tư vấn thì đứng chơi game, tụ tập thành nhóm nói chuyện riêng, phải để nhân viên kho ra tiếp khách hàng rồi lên đơn hàng, thật sự mình không biết các bạn đi làm c",Culture & Environment,negative,"[{""aspect"": ""Culture & Environment"", ""sentiment"": ""negative""}]"
c76447,2 năm trước,"Công ty thì đồng nghiêp thân thiện nhưng đội Kiểm Soát Nội Bộ thì hài ko chịu đượcManager thì kỹ tính nhưng ăn nói lịch sựChị leader thì tuyển từ cửa hàng trưởng lên, lỗi trưng bày cãi không lại, tức gì đâu, nhưng bả mới chuyển team thì tuyển thằng mới vào, kiểm gì gắt như quỷ, hỏi ra sinh năm 90, thua cả tuổi mình mà nó cứ xưng anh anh, bực.Hai chuyên viên thì như badcop-goodcop. Con nhỏ lùn lùn người B** ăn nói khinh người không chịu được, nói chuyện như mẹ thiên hạ, lùn xấu mà tưởng cao sang, không phải vì mức lương chắc tán chết mẹ nó quá. Còn ông mập mập thì nói chuyện lịch sự dễ thương nhưng hỏi ra cũng lớn tuổi mà gặp mình lại xưng em, tui có già gì đâu, bực mình. Nói chung team nhìn bề ngoài hòa đồng nhưng con nhỏ kia chuyên gia nói xấu đồng nghiệp, nhìn 02 ông kia thấy tội thôi. Sếp CFO với manager người B** thì bênh con kia thôi rồi.",Phong Vũ (24),,,Phong Vũ (24) product 51-150 198 Nguyen Thi Minh Khai District 3 Ho Chi Minh,True,"Công ty thì đồng nghiêp thân thiện nhưng đội Kiểm Soát Nội Bộ thì hài ko chịu đượcManager thì kỹ tính nhưng ăn nói lịch sựChị leader thì tuyển từ cửa hàng trưởng lên, lỗi trưng bày cãi không lại, tức gì đâu, nhưng bả mới chuyển team thì tuyển thằng mới vào, kiểm gì gắt như quỷ, hỏi ra sinh năm 90, thua cả tuổi mình mà nó cứ xưng anh anh, bực.Hai chuyên viên thì như badcop-goodcop. Con nhỏ lùn lùn người B** ăn nói khinh người không chịu được, nói chuyện như mẹ thiên hạ, lùn xấu mà tưởng cao sang, không phải vì mức lương chắc tán chết mẹ nó quá. Còn ông mập mập thì nói chuyện lịch sự dễ thương nhưng hỏi ra cũng lớn tuổi mà gặp mình lại xưng em, tui có già gì đâu, bực mình. Nói chung team nhìn bề ngoài hòa đồng nhưng con nhỏ kia chuyên gia nói xấu đồng nghiệp, nhìn 02 ông kia thấy tội thôi. Sếp CFO với manager người B** thì bênh con kia thôi rồi.","Management & Leadership, Culture & Environment","negative, negative","[{""aspect"": ""Management & Leadership"", ""sentiment"": ""negative""}, {""aspect"": ""Culture & Environment"", ""sentiment"": ""negative""}]"
753ee1,3 năm trước,"Có đứa em vào làm gặp một ông tên Q*** , nghe th cu kể mà tởm đến già . NV cũ mà chốn việc đi đánh bài ăn tiền ngoài quán cafe , chuyên bắt nạt NV mới . Bạn nào vào gặp team ổng xác định nhé .",Phong Vũ (24),,,Phong Vũ (24) product 51-150 198 Nguyen Thi Minh Khai District 3 Ho Chi Minh,True,"Có đứa em vào làm gặp một ông tên Q*** , nghe th cu kể mà tởm đến già . NV cũ mà chốn việc đi đánh bài ăn tiền ngoài quán cafe , chuyên bắt nạt NV mới . Bạn nào vào gặp team ổng xác định nhé .",Management & Leadership,negative,"[{""aspect"": ""Management & Leadership"", ""sentiment"": ""negative""}]"
018179,4 năm trước,V** hoá công ty siêu tệ. N**** P**** V* còn có Vnshop/Vnpay. Công việc chồng chéo không rõ ràng.Ngoại trừ các vị trí LĐPT thì các vị trí office đều yêu cầu cung cấp payslip. Mình làm ở văn phòng HCM. N*** sự ra dô nhiều. Khu vực H* Nội thì không rõ lắm. Công ty công nghệ/ máy tính nhưng ko có sử dụng quy trình/ hệ thống gì hết. mọi thứ đều basic và nhàm chán. Manager thì thay đổi liên tục. Công việc vào làm thì không giống như khi trao đổi PV. Đ*** nghiệp thì thân thiện,Phong Vũ (24),,,Phong Vũ (24) product 51-150 198 Nguyen Thi Minh Khai District 3 Ho Chi Minh,True,V** hoá công ty siêu tệ. N**** [COMPANY] còn có Vnshop/Vnpay. Công việc chồng chéo không rõ ràng.Ngoại trừ các vị trí LĐPT thì các vị trí office đều yêu cầu cung cấp payslip. Mình làm ở văn phòng HCM. N*** sự ra dô nhiều. Khu vực H* Nội thì không rõ lắm. Công ty công nghệ/ máy tính nhưng ko có sử dụng quy trình/ hệ thống gì hết. mọi thứ đều basic và nhàm chán. Manager thì thay đổi liên tục. Công việc vào làm thì không giống như khi trao đổi [COMPANY]. Đ*** nghiệp thì thân thiện,"Culture & Environment, Work Hours & Workload, Management & Leadership, Office & Workspace, Career Growth & Opportunities","negative, negative, negative, negative, positive","[{""aspect"": ""Culture & Environment"", ""sentiment"": ""negative""}, {""aspect"": ""Work Hours & Workload"", ""sentiment"": ""negative""}, {""aspect"": ""Management & Leadership"", ""sentiment"": ""negative""}, {""aspect"": ""Office & Workspace"", ""sentiment"": ""negative""}, {""aspect"": ""Career Growth & Opportunities"", ""sentiment"": ""positive""}]"
b179fb,4 năm trước,"T*** P**** V* cũng lớn đặt ổ cứng 128G của gigabyte về dùng được máy bữa lăn ra chết, gọi P**** V* xem bảo hành sao thì tổng đài kêu mang ra Quận 3, nhà quận 12 mà phải đi Quận 3(Chạy đi chạy vể), xong còn phải đặt lịch mới được bảo hành, đúng là mua thì dễ bảo hành khó, LỪA NHAU ĐƯỢC 1 LẦN T*** NHÉ, M* CÓ LẦN 2",Phong Vũ (24),,,Phong Vũ (24) product 51-150 198 Nguyen Thi Minh Khai District 3 Ho Chi Minh,True,"T*** [COMPANY] cũng lớn đặt ổ cứng 128G của gigabyte về dùng được máy bữa lăn ra chết, gọi [COMPANY] xem bảo hành sao thì tổng đài kêu mang ra Quận 3, nhà quận 12 mà phải đi Quận 3(Chạy đi chạy vể), xong còn phải đặt lịch mới được bảo hành, đúng là mua thì dễ bảo hành khó, LỪA NHAU ĐƯỢC 1 LẦN T*** NHÉ, M* CÓ LẦN 2",Management & Leadership,negative,"[{""aspect"": ""Management & Leadership"", ""sentiment"": ""negative""}]"
e6c01f,4 năm trước,"Công ty này hay tuyển người không làm gì vào làm sếp, sai nhân viên là giỏi, cái thằng thiết kế xấu mà cũng làm trưởng thiết kế thì đúng là thằng 4 chân ăn may.",Phong Vũ (24),,,Phong Vũ (24) product 51-150 198 Nguyen Thi Minh Khai District 3 Ho Chi Minh,True,"Công ty này hay tuyển người không làm gì vào làm sếp, sai nhân viên là giỏi, cái thằng thiết kế xấu mà cũng làm trưởng thiết kế thì đúng là thằng 4 chân ăn may.",Management & Leadership,negative,"[{""aspect"": ""Management & Leadership"", ""sentiment"": ""negative""}]"
0c7fa9,4 năm trước,con huyền nguyễn (huyencharm) rất ngứa mắt nha mng,Phong Vũ (24),,,Phong Vũ (24) product 51-150 198 Nguyen Thi Minh Khai District 3 Ho Chi Minh,False,con huyền nguyễn (huyencharm) rất ngứa mắt nha mng,,,[]
7d0fe2,4 năm trước,"Nhìn chung công ty chẳng ổn tí nào. Nhìn riêng về bộ phận sale có bác P**** T*** thì thôi rồi, làm thì không biết giỏi bao nhiêu mà có thói thượng đội hạ đạp =&gt; nịnh.Công của người khác thì nhận công của mình, còn lỗi thì chữi ầm ầm, đỗ thừa ngay và luôn,sống vậy ai sống lại bác à.Hay tỏ vẻ nhà có tiền, không biết giàu bao nhiêu dữ vậy, muốn mở công ty riêng và lôi kéo các đồng nghiệp khác theo mình.Nhìn chung nát bét công ty.",Phong Vũ (24),,,Phong Vũ (24) product 51-150 198 Nguyen Thi Minh Khai District 3 Ho Chi Minh,True,"Nhìn chung công ty chẳng ổn tí nào. Nhìn riêng về bộ phận sale có bác P**** T*** thì thôi rồi, làm thì không biết giỏi bao nhiêu mà có thói thượng đội hạ đạp => nịnh.Công của người khác thì nhận công của mình, còn lỗi thì chữi ầm ầm, đỗ thừa ngay và luôn,sống vậy ai sống lại bác à.Hay tỏ vẻ nhà có tiền, không biết giàu bao nhiêu dữ vậy, muốn mở công ty riêng và lôi kéo các đồng nghiệp khác theo mình.Nhìn chung nát bét công ty.","Management & Leadership, Culture & Environment","negative, negative","[{""aspect"": ""Management & Leadership"", ""sentiment"": ""negative""}, {""aspect"": ""Culture & Environment"", ""sentiment"": ""negative""}]"
7b6a0c,4 năm trước,bộ phận sale dốt và nát vãi,Phong Vũ (24),,,Phong Vũ (24) product 51-150 198 Nguyen Thi Minh Khai District 3 Ho Chi Minh,True,bộ phận sale dốt và nát vãi,Management & Leadership,negative,"[{""aspect"": ""Management & Leadership"", ""sentiment"": ""negative""}]"
